[
  {
    "name": "theme_info",
    "theme_name": "oliami",
    "theme_author": "Udesly User",
    "theme_version": "1.0.0",
    "theme_documentation_url": "https://www.domain.tld",
    "theme_support_email": "support@email.com"
  },
  {
    "name": "Seo Settings",
    "settings": [
      {
        "type": "image_picker",
        "id": "favicon",
        "label": "Favicon Image",
        "info": "Will be scaled down to 32x32px"
      },
      {
        "type": "image_picker",
        "id": "apple_touch_icon",
        "label": "Apple touch icon image",
        "info": "Will be scaled down to 120x120px"
      },
      {
        "type": "text",
        "id": "social_twitter_link",
        "label": "Twitter Link"
      },
      {
        "type": "checkbox",
        "id": "enable_product_rich_snippets",
        "label": "Enable Product Rich Snippets",
        "default": true
      },
      {
        "type": "checkbox",
        "id": "enable_article_rich_snippets",
        "label": "Enable Article Rich Snippets",
        "default": true
      }
    ]
  },
  {
    "name": "Colors Settings",
    "settings": [
      {
        "type": "color",
        "id": "color_20748b16",
        "label": "Color 20748b16",
        "default": "#3898ec"
      },
      {
        "type": "color",
        "id": "color_21d1ff8",
        "label": "Color 21d1ff8",
        "default": "#fff"
      },
      {
        "type": "color",
        "id": "color_n665b9284",
        "label": "Color n665b9284",
        "default": "rgba(0, 0, 0, 0.8)"
      },
      {
        "type": "color",
        "id": "color_n65194d1d",
        "label": "Color n65194d1d",
        "default": "rgba(0, 0, 0, 0.25)"
      },
      {
        "type": "color",
        "id": "color_746d8885",
        "label": "Color 746d8885",
        "default": "#e6e6e6"
      },
      {
        "type": "color",
        "id": "color_nd2a2d19",
        "label": "Color nd2a2d19",
        "default": "#fafafa"
      },
      {
        "type": "color",
        "id": "color_21c2f7a",
        "label": "Color 21c2f7a",
        "default": "#ddd"
      },
      {
        "type": "color",
        "id": "color_207fce5",
        "label": "Color 207fce5",
        "default": "#999"
      },
      {
        "type": "color",
        "id": "color_203c2ae",
        "label": "Color 203c2ae",
        "default": "#000"
      },
      {
        "type": "color",
        "id": "color_n4bc568a",
        "label": "Color n4bc568a",
        "default": "#ffdede"
      },
      {
        "type": "color",
        "id": "color_n58536e15",
        "label": "Color n58536e15",
        "default": "#f5f5f5"
      },
      {
        "type": "color",
        "id": "color_21bb73b",
        "label": "Color 21bb73b",
        "default": "#ccc"
      },
      {
        "type": "color",
        "id": "color_2069428",
        "label": "Color 2069428",
        "default": "#666"
      },
      {
        "type": "color",
        "id": "color_2052b6b",
        "label": "Color 2052b6b",
        "default": "#333"
      },
      {
        "type": "color",
        "id": "color_6d985411",
        "label": "Color 6d985411",
        "default": "#e2e2e2"
      },
      {
        "type": "color",
        "id": "color_n738fde3",
        "label": "Color n738fde3",
        "default": "#ff7a4e"
      },
      {
        "type": "color",
        "id": "color_3a594aab",
        "label": "Color 3a594aab",
        "default": "#d3d3d3"
      },
      {
        "type": "color",
        "id": "color_205eb946",
        "label": "Color 205eb946",
        "default": "#386eec"
      },
      {
        "type": "color",
        "id": "color_71a4145",
        "label": "Color 71a4145",
        "default": "#c4c4c4"
      },
      {
        "type": "color",
        "id": "color_n3c01638",
        "label": "Color n3c01638",
        "default": "#1a1a1a"
      },
      {
        "type": "color",
        "id": "color_7620d97a",
        "label": "Color 7620d97a",
        "default": "rgba(255, 122, 78, 0)"
      },
      {
        "type": "color",
        "id": "color_n665baccb",
        "label": "Color n665baccb",
        "default": "rgba(0, 0, 0, 0.1)"
      },
      {
        "type": "color",
        "id": "color_n665b9dc7",
        "label": "Color n665b9dc7",
        "default": "rgba(0, 0, 0, 0.5)"
      },
      {
        "type": "color",
        "id": "color_2043aed",
        "label": "Color 2043aed",
        "default": "#111"
      },
      {
        "type": "color",
        "id": "color_36eeb071",
        "label": "Color 36eeb071",
        "default": "#d1d1d1"
      },
      {
        "type": "color",
        "id": "color_n6519c17c",
        "label": "Color n6519c17c",
        "default": "rgba(0, 0, 0, 0.15)"
      },
      {
        "type": "color",
        "id": "color_n5a681503",
        "label": "Color n5a681503",
        "default": "#9b9b9b"
      },
      {
        "type": "color",
        "id": "color_7c3c27ed",
        "label": "Color 7c3c27ed",
        "default": "#501aff"
      }
    ]
  },
  {
    "name": "Products Collection Settings",
    "settings": [
      {
        "type": "collection",
        "id": "collection_home",
        "label": "Collection Home"
      },
      {
        "type": "range",
        "id": "collection_home_limit",
        "label": "Collection Home limit",
        "min": 1,
        "max": 50,
        "step": 1,
        "default": 3
      },
      {
        "type": "collection",
        "id": "collection_2_home",
        "label": "Collection 2 Home"
      },
      {
        "type": "range",
        "id": "collection_2_home_limit",
        "label": "Collection 2 Home limit",
        "min": 1,
        "max": 50,
        "step": 1,
        "default": 3
      },
      {
        "type": "collection",
        "id": "collection_kinds_template",
        "label": "Collection Kinds Template"
      },
      {
        "type": "range",
        "id": "collection_kinds_template_limit",
        "label": "Collection Kinds Template limit",
        "min": 1,
        "max": 50,
        "step": 1,
        "default": 3
      }
    ]
  }
]